ID,Topic,Sentiment,Text,Timestamp,IngestedAt,TextLength
9153,Nvidia,Neutral,"Winning benchmark bakeoffs win is great for marketing, but remember performance! = performance / price. As in an example, a modified 1U @Dell C4140 with 4 or @nvidia 300 Tesla GT 4140 completes training and RESNET - 1 50 in 154 minutes, ~ 300x longer than one TPUv3 but much much smaller = cheaper.. page cloud. google. com / blog / products / …",2025-10-14 20:46:50,2025-10-14 20:47:00,345
9153,Nvidia,Neutral,"great benchmark bakeoffs is great for marketing, but remember these!= performance/price. As an example, using Gen C 8 with 4 @Dell 9 systems completes training RESNET-50 in 59 minutes, ~300x longer than TPUv3 but much much more=cheaper.. cloud.google.com/blog/products/...",2025-10-14 20:46:50,2025-10-14 20:47:00,272
9154,Nvidia,Positive,nan,2025-10-14 20:46:50,2025-10-14 20:47:00,3
9154,Nvidia,Positive,It is not the first time that the EU Commission has taken such a step.,2025-10-14 20:46:50,2025-10-14 20:47:00,70
9154,Nvidia,Positive,"At the same time, despite the fact that there are currently some 100 million people living below the poverty line, most of them do not have access to health services and do not have access to health care, while most of them do not have access to health care.",2025-10-14 20:46:50,2025-10-14 20:47:00,258
9154,Nvidia,Positive,nan,2025-10-14 20:46:50,2025-10-14 20:47:00,3
9154,Nvidia,Positive,nan,2025-10-14 20:46:50,2025-10-14 20:47:00,3
9154,Nvidia,Positive,nan,2025-10-14 20:46:50,2025-10-14 20:47:00,3
9155,Nvidia,Neutral,Such bullshit that nvidia’s own site wasn’t selling the 3080 and yet other shopping sites where like wtf and it’s was already sold out within 20 mins,2025-10-14 20:46:50,2025-10-14 20:47:00,149
9155,Nvidia,Neutral,Such crap that nvidia's own site did not sell the 3080 and other shopping sites like wtf and it's already sold out within 20 minutes.,2025-10-14 20:46:50,2025-10-14 20:47:00,133
9155,Nvidia,Neutral,Such crap that nvidia's own website didn't sell 3080 and other shopping sites where it's like wtf and it's already sold out in 20 minutes,2025-10-14 20:46:50,2025-10-14 20:47:00,137
9155,Nvidia,Neutral,Such bullshit that nvidia’s own store wasn’t selling the 3080 and yet other shopping sites where selling wtf and it’s was already pulled out within 20 mins,2025-10-14 20:46:50,2025-10-14 20:47:00,155
9155,Nvidia,Neutral,10 Such bullshit that nvidia ’ s their own shopping site really wasn ’ t only selling the 3080 and yet other shopping sites where more like wtf and it ’ s was both already sold out within 20 mins,2025-10-14 20:46:50,2025-10-14 20:47:00,195
9155,Nvidia,Neutral,constant bullshit that nvidia’s own site wasn’t selling its 3080 and yet other review sites reacted like wtf oh it’s was already sold out within 30 mins,2025-10-14 20:46:50,2025-10-14 20:47:00,152
9156,Nvidia,Positive,And there it is. Wow.,2025-10-14 20:46:50,2025-10-14 20:47:00,21
9156,Nvidia,Positive,And there it is. Wow.,2025-10-14 20:46:50,2025-10-14 20:47:00,21
9156,Nvidia,Positive,And here it is.,2025-10-14 20:46:50,2025-10-14 20:47:00,15
9156,Nvidia,Positive,And that it is. Wow.,2025-10-14 20:46:50,2025-10-14 20:47:00,20
9156,Nvidia,Positive,And there it is. ‖ Wow.,2025-10-14 20:46:50,2025-10-14 20:47:00,23
9156,Nvidia,Positive,And there some is. Wow.,2025-10-14 20:46:50,2025-10-14 20:47:00,23
9157,Nvidia,Positive,"We are very excited to have joined NVIDIA’s Inception program. As a leading technology provider, NVIDIA plays an important role in the data science community. hubs.ly/H0rnlQY0 https://t.co/qcgUuSSp2i",2025-10-14 20:46:50,2025-10-14 20:47:00,199
9157,Nvidia,Positive,"We are very pleased to have joined NVIDIA's Inception program. As a leading technology provider, NVIDIA plays an important role in data science. hubs.ly / H0rnlQY0 https: / / t.co / qcgUuSSp2i",2025-10-14 20:46:50,2025-10-14 20:47:00,192
9157,Nvidia,Positive,"As a leading technology provider, NVIDIA plays an important role in the data science community. hubs.ly / H0lQY0 https: / / co / qcgUuSSp2i",2025-10-14 20:46:50,2025-10-14 20:47:00,139
9157,Nvidia,Positive,"We are very excited to have joined NVIDIA’s Inception program. As a cloud technology provider, NVIDIA has an integral position in the data science community. hubs.ly/H0rnlQY0 https://t.co/qcgUuSSp2i]",2025-10-14 20:46:50,2025-10-14 20:47:00,199
9157,Nvidia,Positive,"We also are very excited... to have you joined NVIDIA research ’ s Open Inception program. As a leading technology provider, our NVIDIA plays an important critical role in protecting the data science community. Radio hubs. ly / H0rnlQY0... https://t.co/qcgUuSSp2i ]",2025-10-14 20:46:50,2025-10-14 20:47:00,265
9157,Nvidia,Positive,"audiences are very happy they have completed NVIDIA’s Inception program. As a leading technology provider, NVIDIA plays an increasing playing in the art science community. hubs.ly/H0rnlQY0 https://t.co/qcgUuSSp2i]",2025-10-14 20:46:50,2025-10-14 20:47:00,213
9161,Nvidia,Negative,Been almost 2 weeks like this. No update from either @disneyplus or @NVIDIASHIELD @nvidia. Can't wait to get the new @Roku Ultra. pic.twitter.com/ZYWZ2swPXq,2025-10-14 20:46:50,2025-10-14 20:47:00,156
9161,Nvidia,Negative,No update from @ disneyplus or @ NVIDIASHIELD @ nvidia. I can't wait to get the new @ Roku Ultra. pic.twitter.com / ZYWZ2swPXq,2025-10-14 20:46:50,2025-10-14 20:47:00,126
9161,Nvidia,Negative,Almost 2 weeks have passed. No updates from @ disneypoint or @ NVIDIASHIELD @ nvidia. Can't wait for the new @ Roku Ultra. pic.wikipedia.com / ZYWZ2swPXq,2025-10-14 20:46:50,2025-10-14 20:47:00,153
9161,Nvidia,Negative,Been almost 2 weeks like this. No update from either RhandlerR or RhandlerR RhandlerR. Can't wait to get the new RhandlerR Ultra. pic.twitter.com/ZYWZ2swPXq,2025-10-14 20:46:50,2025-10-14 20:47:00,156
9161,Nvidia,Negative,and Been almost 2 weeks like this. No update from either RhandlerR or RhandlerR RhandlerR. Can't wait to get the new RhandlerR Ultra. pic.twitter.com/ZYWZ2swPXq,2025-10-14 20:46:50,2025-10-14 20:47:00,160
9161,Nvidia,Negative,<unk>,2025-10-14 20:46:50,2025-10-14 20:47:00,5
9162,Nvidia,Positive,Anything for this beast,2025-10-14 20:46:50,2025-10-14 20:47:00,23
9162,Nvidia,Positive,Everything for this beast,2025-10-14 20:46:50,2025-10-14 20:47:00,25
9162,Nvidia,Positive,Whatever it means,2025-10-14 20:46:50,2025-10-14 20:47:00,17
9162,Nvidia,Positive,Anything for this game,2025-10-14 20:46:50,2025-10-14 20:47:00,22
9162,Nvidia,Positive,Anything for seeing this beast,2025-10-14 20:46:50,2025-10-14 20:47:00,30
9162,Nvidia,Positive,Anything for a beast,2025-10-14 20:46:50,2025-10-14 20:47:00,20
9163,Nvidia,Negative,Amazing how much cooler my laptop (MBP 15 2016) is when disconnected from external monitor - integrated intel graphics instead of nvidia dedicated.,2025-10-14 20:46:50,2025-10-14 20:47:00,147
9163,Nvidia,Negative,Amazing how much cooler my laptop (MBP 15 2016) is when disconnected from the external monitor - built-in Intel graphics instead of Nvidia-dedicated.,2025-10-14 20:46:50,2025-10-14 20:47:00,149
9163,Nvidia,Negative,It's amazing how much steeper my laptop (MBP 15 2016) is when it's disconnected from an external monitor - Intel's built-in graphics instead of a dedicated nvidia.,2025-10-14 20:46:50,2025-10-14 20:47:00,163
9163,Nvidia,Negative,Amazing ly much cooler my laptop (MBP 15 2016) is when disconnected from external monitor - integrated intel graphics instead of completely dedicated.,2025-10-14 20:46:50,2025-10-14 20:47:00,150
9163,Nvidia,Negative,Amazing by how much cooler my laptop ( 18 MBP December 15 2016 ) actually is when disconnected from an external monitor - integrated intel virtual graphics instead of nvidia dedicated.,2025-10-14 20:46:50,2025-10-14 20:47:00,184
9163,Nvidia,Negative,Amazing how much brighter our laptop (MBP x 2016) is when disconnected from external monitor - integrated discrete graphics instead to nvidia dedicated.,2025-10-14 20:46:50,2025-10-14 20:47:00,152
9164,Nvidia,Negative,can someone please tell me what NvModuleTracker is and how to stop it from failing when im downloading a new nvidia driver because whenever i download geforce experiecne alone it fails,2025-10-14 20:46:50,2025-10-14 20:47:00,184
9164,Nvidia,Negative,"Can someone please tell me what NvModuleTracker is and how to prevent it from failing when I download a new Nvidia driver, because if I just download Geforce Experiecne, it fails",2025-10-14 20:46:50,2025-10-14 20:47:00,178
9164,Nvidia,Negative,can someone please tell me what is NvModuleTracker and how to stop it from failure when im downloading a new nvidia driver because whenever i download geforce experience alone it fails,2025-10-14 20:46:50,2025-10-14 20:47:00,184
9164,Nvidia,Negative,can someone please tell me what NvModuleTracker is and how they save it from spawning when im downloading a new nvidia driver because whenever i download geforce experiecne alone it doesnt,2025-10-14 20:46:50,2025-10-14 20:47:00,188
9164,Nvidia,Negative,can someone just please tell me what good NvModuleTracker is and on how hard to stop it from failing when let im with downloading a new nvidia driver because whenever i download to geforce on experiecne devices alone it fails,2025-10-14 20:46:50,2025-10-14 20:47:00,225
9164,Nvidia,Negative,can someone please tell me what NvModuleTracker is into trying to stop it from failing when your downloading a good nvidia driver because whenever i download geforce installation alone it goes,2025-10-14 20:46:50,2025-10-14 20:47:00,192
9165,Nvidia,Neutral,Nvidia Valuation Soars Past Intel on Graphics Chip Boom resetera.com/threads/nvidia… https://t.co/CgU7ZFUXtw,2025-10-14 20:46:50,2025-10-14 20:47:00,108
9165,Nvidia,Neutral,Nvidia rating soars past Intel on graphics chip boom resetera.com / threads / nvidia... https: / / t.co / CgU7ZFUXtw,2025-10-14 20:46:50,2025-10-14 20:47:00,116
9165,Nvidia,Neutral,Nvidia Valuation Soars Past Intel on Graphics Chip Boom retera.com / threads / nvidia... https: / / www.co / CgU7ZFUXtw,2025-10-14 20:46:50,2025-10-14 20:47:00,119
9165,Nvidia,Neutral,Nvidia Catalyst Soars Past Intel Security Graphics Chip Boom resetera.com/threads/nvidia… https://t.co/CgU7ZFUXtw],2025-10-14 20:46:50,2025-10-14 20:47:00,114
9165,Nvidia,Neutral,Nvidia Valuation Design Soars at Past Intel on Aurora Graphics Chip Boom resetera. see com / threads / project nvidia Video … https://t.co/CgU7ZFUXtw ],2025-10-14 20:46:50,2025-10-14 20:47:00,151
9165,Nvidia,Neutral,Data Error Error Past Intel on Graphics Chip Boom At.com/threads/nvidia... https://t.co/CgU7ZFUXtw],2025-10-14 20:46:50,2025-10-14 20:47:00,99
9166,Nvidia,Positive,@nvidia The,2025-10-14 20:46:50,2025-10-14 20:47:00,13
9166,Nvidia,Positive,@ nvidia,2025-10-14 20:46:50,2025-10-14 20:47:00,8
9166,Nvidia,Positive,@ nvidia The,2025-10-14 20:46:50,2025-10-14 20:47:00,12
9166,Nvidia,Positive,@nvidia Tracking,2025-10-14 20:46:50,2025-10-14 20:47:00,16
9166,Nvidia,Positive,@nvidia The,2025-10-14 20:46:50,2025-10-14 20:47:00,11
9166,Nvidia,Positive,<unk> The,2025-10-14 20:46:50,2025-10-14 20:47:00,9
9167,Nvidia,Negative,. . Global Cues. . -World market sentiment looks weak as US indices closed lower.. . -Tech  . . - . .,2025-10-14 20:46:50,2025-10-14 20:47:00,104
9167,Nvidia,Negative,... Global Cues... -Sentiment on world markets appears weak as US indices have closed lower... -Tech.. -.,2025-10-14 20:46:50,2025-10-14 20:47:00,105
9167,Nvidia,Negative,Global prices. -Sentiment in the global market looks weak as US indices closed lower.. -Tech.. -...,2025-10-14 20:46:50,2025-10-14 20:47:00,99
9167,Nvidia,Negative,.... Cues.. -World market growth looks weak as US indices closed lower... -Tech .. -..,2025-10-14 20:46:50,2025-10-14 20:47:00,86
9167,Nvidia,Negative,.. Global Cues.. - World market inflation sentiment looks slightly weak but as US indices end closed the lower... - Tech.. -..,2025-10-14 20:46:50,2025-10-14 20:47:00,126
9167,Nvidia,Negative,.. Global Index.. -World trade sentiment looks weak with major indices closed mixed... -Tech.. -..,2025-10-14 20:46:50,2025-10-14 20:47:00,98
9168,Nvidia,Neutral,Nvidia’s next Tesla GPUs could be 75% faster – good news for future GeForce cards ift.tt/2u7eXcJ,2025-10-14 20:46:50,2025-10-14 20:47:00,96
9168,Nvidia,Neutral,Nvidia's Next Tesla GPUs Could Be 75% Faster - Good News for Future GeForce Cards ift.tt / 2u7eXcJ,2025-10-14 20:46:50,2025-10-14 20:47:00,98
9168,Nvidia,Neutral,Tesla's next Nvidia graphics processors could be 75% faster - good news for future GeForce i.tt / 2u7eXcJ cards,2025-10-14 20:46:50,2025-10-14 20:47:00,111
9168,Nvidia,Neutral,Nvidia’s next Tesla display could be 75% faster – mixed signs for future GeForce cards ift.tt/2u7eXcJ,2025-10-14 20:46:50,2025-10-14 20:47:00,101
9168,Nvidia,Neutral,Nvidia reports ’ that s next Tesla mobile GPUs could be 75 % or faster which – provided good news for future GeForce cards ift. 11 tt / n 2u7eXcJ,2025-10-14 20:46:50,2025-10-14 20:47:00,145
9168,Nvidia,Neutral,Nvidia’s next Tesla GPUs could be 75% flat – good news for getting future projects with.tt/2u7eXcJ,2025-10-14 20:46:50,2025-10-14 20:47:00,98
9169,Nvidia,Negative,@BlizzardCSEU_EN ... Can you play wow classic with the @NVIDIAGFN service? I have sent an email and it hasn't been responded to. Nvidia say that wow classic and wow BFA will work with the service but I'm hearing about propels accounts being banned. Is this still the case?,2025-10-14 20:46:50,2025-10-14 20:47:00,272
9169,Nvidia,Negative,"@ BlizzardCSEU _ EN... Can you play Wow Classics with the @ NVIDIAGFN service? I sent an email that was not answered. Nvidia says Wow Classics and Wow-BFA will work with the service, but I hear about accounts being blocked. Is that still the case?",2025-10-14 20:46:50,2025-10-14 20:47:00,247
9169,Nvidia,Negative,@ BlizzardCSEU _ EN... Can you play wow classic with the @ NVIDIAGFN service? I have sent an email and it hasn't responded to. Nvidia say that wow classic and wow BFA will work with the service but I'm hearing about propels accounts be banned. Is this still the case?,2025-10-14 20:46:50,2025-10-14 20:47:00,267
9169,Nvidia,Negative,@BlizzardCSEU_EN Q Can you play wow classic with the @NVIDIAGFN service? I have released an email and it hasn't been responded to. Nvidia say that everything classic and wow BFA will work with the service but I'm hearing is propels still being banned. Is this still the policy?,2025-10-14 20:46:50,2025-10-14 20:47:00,277
9169,Nvidia,Negative,@BlizzardCSEU_EN... Can you play wow classic songs with the @NVIDIAGFN network service? I have sent an email and hope it hasn't been responded to. Nvidia say that wow classic and wow and BFA will work with using the support service but I'r m hearing about propels accounts being banned. 6 Is this person still living the case?,2025-10-14 20:46:50,2025-10-14 20:47:00,326
9169,Nvidia,Negative,@BlizzardCSEU_EN... would you play wow classic with the @NVIDIAGFN service? I have sent an email where it hasn't been responded to. Nvidia say that wow classic and wow BFA will work at the price but I'm hearing and propels<unk> being cut. Is that still your standard?,2025-10-14 20:46:50,2025-10-14 20:47:00,267
9170,Nvidia,Negative,It’s like @nvidia wants us to buy @AMDGaming . I wanted to buy the rtx 2080 for months sold out is seconds @NVIDIAGeForce said they would fix this problem. They release the rtx 3090 and it’s sold out before launch... how can you be the biggest gpu supplier and not think of stock?,2025-10-14 20:46:50,2025-10-14 20:47:00,280
9170,Nvidia,Negative,"I wanted to buy the rtx 2080 for months, sold out seconds @ NVIDIAGeForce said they would fix this issue. They're releasing the rtx 3090 and it's sold out before launch... how can you be the biggest GPU supplier and not think about stock?",2025-10-14 20:46:50,2025-10-14 20:47:00,238
9170,Nvidia,Negative,It's like @ nvidia wants us to buy @ AMDGaming. I wanted to buy the GX 2080 for months of sold out seconds @ NVIDIAGeForce said they would solve this problem. They release the GX 3090 and it's sold out before launch... how can you be the largest supplier of gpu and not think about inventories?,2025-10-14 20:46:50,2025-10-14 20:47:00,294
9170,Nvidia,Negative,"It’s like @nvidia wants us to buy @AMDGaming. I want to buy the rtx 2080 for months sold out is, @NVIDIAGeForce said they would fix this problem. They release an rtx 3090 and it’s running out and the how can you control the biggest gpu supplier and not think of stock?",2025-10-14 20:46:50,2025-10-14 20:47:00,268
9170,Nvidia,Negative,It ’ s like @nvidia still wants us guys to buy @AMDGaming. I so wanted to buy the rtx 2080 card for months sold out is seconds @NVIDIAGeForce said maybe they would fix this problem. They that release the rtx 3090 option and that it ’ s sold out before launch... how can now you be the 4th biggest gpu supplier and not think of stock?,2025-10-14 20:46:50,2025-10-14 20:47:00,333
9170,Nvidia,Negative,It’s basically @nvidia pushing us to buy @AMDGaming. I wanted to buy the rtx that for months sold out is ridiculous and said they would fix this problem. They had an rtx 3090 and it’s selling out before launch... how can you be the biggest gpu supplier and not be of us?,2025-10-14 20:46:50,2025-10-14 20:47:00,270
9171,Nvidia,Neutral,This benchmarking comparison between Oculus Quest gpu and 2080Ti NVidia is just bullying. . The depressing thing is game devs are trying to ship cross platform games that cover both these bases. Otherwise they would be missing on a huge chunk of the market. It is a very hard task. pic.twitter.com/rdwrVtSboV,2025-10-14 20:46:50,2025-10-14 20:47:00,308
9171,Nvidia,Neutral,"This benchmarking comparison between Oculus Quest gpu and 2080Ti NVidia is just bullying. The depressing thing is that developers are trying to ship cross-platform games that cover these two basics, otherwise they would be missing out on a huge chunk of the market. pic.twitter.com / rdwrVtSboV",2025-10-14 20:46:50,2025-10-14 20:47:00,294
9171,Nvidia,Neutral,This benchmarking comparison between the Oculus Quest gpu and the 2080Ti NVidia is simply a mockery of the system.,2025-10-14 20:46:50,2025-10-14 20:47:00,114
9171,Nvidia,Neutral,This benchmarking comparison between Oculus Quest gpu and 2080Ti NVidia is just bullying. . The depressing thing is game devs are trying to ship cross platform games that cover both these bases. Otherwise they would be missing on a huge chunk of the market. It is a very hard task. pic.twitter.com/rdwrVtSboV,2025-10-14 20:46:50,2025-10-14 20:47:00,308
9171,Nvidia,Neutral,J This benchmarking comparison between Oculus Quest gpu and 2080Ti NVidia is just bullying. . The depressing thing is game devs are trying to ship cross platform games that cover both these bases. Otherwise they would be missing on a huge chunk of the market. It is a very hard task. pic.twitter.com/rdwrVtSboV,2025-10-14 20:46:50,2025-10-14 20:47:00,310
9171,Nvidia,Neutral,You,2025-10-14 20:46:50,2025-10-14 20:47:00,3
9172,Nvidia,Positive,@NVIDIAGeForce @nvidia,2025-10-14 20:46:50,2025-10-14 20:47:00,24
9172,Nvidia,Positive,@ NVIDIAGeForce @ nvidia,2025-10-14 20:46:50,2025-10-14 20:47:00,24
9172,Nvidia,Positive,@ NVIDIAGeForce @ nvidia,2025-10-14 20:46:50,2025-10-14 20:47:00,24
9172,Nvidia,Positive,@NVIDIAGeForce ],2025-10-14 20:46:50,2025-10-14 20:47:00,16
9172,Nvidia,Positive,H @NVIDIAGeForce @nvidia,2025-10-14 20:46:50,2025-10-14 20:47:00,24
9172,Nvidia,Positive,Power @NVIDIAGeForce,2025-10-14 20:46:50,2025-10-14 20:47:00,20
9173,Nvidia,Neutral,What's next for,2025-10-14 20:46:50,2025-10-14 20:47:00,17
9173,Nvidia,Neutral,What's next?,2025-10-14 20:46:50,2025-10-14 20:47:00,12
9173,Nvidia,Neutral,What next?,2025-10-14 20:46:50,2025-10-14 20:47:00,10
9173,Nvidia,Neutral,What's next now,2025-10-14 20:46:50,2025-10-14 20:47:00,15
9173,Nvidia,Neutral,What'our s next for,2025-10-14 20:46:50,2025-10-14 20:47:00,19
9173,Nvidia,Neutral,year's next for,2025-10-14 20:46:50,2025-10-14 20:47:00,15
9174,Nvidia,Negative,@NVIDIASHIELD I just got a brand new Nvidia Shield Controller/Gamepad. The right shoulder buttons do not work. Does anyone know whats going on or how to fix this?. Thank you so much for any help.,2025-10-14 20:46:50,2025-10-14 20:47:00,195
9174,Nvidia,Negative,@ NVIDIASHIELD I just got a brand new Nvidia Shield controller / gamepad. The right shoulder buttons don't work. Does anyone know what's going on or how to fix that?. Thanks for any help.,2025-10-14 20:46:50,2025-10-14 20:47:00,187
9174,Nvidia,Negative,@ NVIDIASHIELD I just got a brand new Nvidia Shield B / Gamepad. The right shoulder buttons do not work. Does anyone know whats going on or how to fix this?. Thank you so much for any help.,2025-10-14 20:46:50,2025-10-14 20:47:00,189
9174,Nvidia,Negative,@NVIDIASHIELD I just got our brand new Nvidia GeForce Controller/Gamepad. The right shoulder buttons does not work. Does anyone know whats going on or how to fix this?. Thanks you so much for any help.,2025-10-14 20:46:50,2025-10-14 20:47:00,201
9174,Nvidia,Negative,@NVIDIASHIELD I just got a really brand new Nvidia Shield Dual Controller / Assault Gamepad. The right or shoulder buttons mainly don't work. Does anyone know exactly whats going on there or even how to go fix this?. Thank you so much for any help.,2025-10-14 20:46:50,2025-10-14 20:47:00,248
9174,Nvidia,Negative,@NVIDIASHIELD just just got a brand new Nvidia Remote Controller/Gamepad. The right shoulder buttons do not function. Does anyone think is going on or how to fix this?. Thank you this much if any help.,2025-10-14 20:46:50,2025-10-14 20:47:00,201
9175,Nvidia,Neutral,What's next for,2025-10-14 20:46:50,2025-10-14 20:47:00,17
9175,Nvidia,Neutral,What's next?,2025-10-14 20:46:50,2025-10-14 20:47:00,12
9175,Nvidia,Neutral,What next?,2025-10-14 20:46:50,2025-10-14 20:47:00,10
9175,Nvidia,Neutral,What's Hot for,2025-10-14 20:46:50,2025-10-14 20:47:00,14
9175,Nvidia,Neutral,And What's next for,2025-10-14 20:46:50,2025-10-14 20:47:00,19
9175,Nvidia,Neutral,What's next here,2025-10-14 20:46:50,2025-10-14 20:47:00,16
9176,Nvidia,Neutral,"NVIDIA GeForce RTX 3090 & RTX 3080 Ampere GA102 GPU Pictured, Massive Die Compared To Turing TU102 GPU wccftech.com/nvidia-geforce…",2025-10-14 20:46:50,2025-10-14 20:47:00,131
9176,Nvidia,Neutral,"NVIDIA GeForce RTX 3090 & RTX 3080 Ampere GA102 GPU Pictured, Massive The Compared To Turing TU102 GPU wccftech.com / nvidia-geforce...",2025-10-14 20:46:50,2025-10-14 20:47:00,135
9176,Nvidia,Neutral,"NVIDIA GeForce X 3090 & X 3080 - 102 GPU Pictured, Massive Die Compared To Turning 102 GPU wccftech.com / nvidia-geforce...",2025-10-14 20:46:50,2025-10-14 20:47:00,123
9176,Nvidia,Neutral,"NVIDIA GeForce RTX 3090 & RTX 3080 Creator Edition GPUs Pictured, Massive Die Compared To Turing TU102 GPU Shutterstock.com/nvidia-geforce…",2025-10-14 20:46:50,2025-10-14 20:47:00,139
9176,Nvidia,Neutral,"with NVIDIA GeForce RTX 3090 & later RTX FX 3080 Digital Ampere GA102 Duo GPU Pictured, Massive Die Hard Compared To Turing TU102 GPU at wccftech. hear com / via nvidia - geforce html …",2025-10-14 20:46:50,2025-10-14 20:47:00,185
9176,Nvidia,Neutral,"NVIDIA AMD 400 3090 & RTX 42 Ampere GA102 Panel Design, In Die cut To Turing TU102 by wccftech.com/nvidia-geforce...",2025-10-14 20:46:50,2025-10-14 20:47:00,116
9177,Nvidia,Neutral,Nvidia Gives Positive Forecasts Despite Coronavirus Hit  . . cdrinfo.com/d7/content/nvi… https://t.co/utMxGW1CIf,2025-10-14 20:46:50,2025-10-14 20:47:00,112
9177,Nvidia,Neutral,Nvidia makes positive predictions despite Coronavirus hit... cdrinfo.com / d7 / content / nvi... https: / / t.co / utMxGW1CIf,2025-10-14 20:46:50,2025-10-14 20:47:00,125
9177,Nvidia,Neutral,"Nvidia gives a foru, despite the coronavirus... cdrinfo.com / d7 / content / n... https: / / co / utMxGW1CIf",2025-10-14 20:46:50,2025-10-14 20:47:00,108
9177,Nvidia,Neutral,Nvidia Gives Growth Forecasts But Sales Hit .. cdrinfo.com/d7/content/nvi… https://t.co/utMxGW1CIf],2025-10-14 20:46:50,2025-10-14 20:47:00,99
9177,Nvidia,Neutral,AIDS Nvidia AIDS Gives Positive Cancer Forecasts Despite being Coronavirus and Hit.. cdrinfo. com / d7 / content / nvi... … w https://t.co/utMxGW1CIf ],2025-10-14 20:46:50,2025-10-14 20:47:00,151
9177,Nvidia,Neutral,Trend Network Positive Forecasts in Coronavirus Hit.. in.com/d7/content/nvi... this],2025-10-14 20:46:50,2025-10-14 20:47:00,84
9178,Nvidia,Neutral,"Little-known Japanese CPU threatens to make Nvidia, Intel and AMD obsolete in HPC market | TechRadar techradar.com/amp/news/littl…",2025-10-14 20:46:50,2025-10-14 20:47:00,130
9178,Nvidia,Neutral,"Little-known Japanese CPU threatens to render Nvidia, Intel and AMD obsolete in the HPC market | TechRadar techradar.com / amp / news / littl...",2025-10-14 20:46:50,2025-10-14 20:47:00,144
9178,Nvidia,Neutral,"A little-known Japanese processor threatens to render obsolete Nvidia, Intel, and AMD in the PC market.",2025-10-14 20:46:50,2025-10-14 20:47:00,103
9178,Nvidia,Neutral,"Little-known Japanese CPU threatens to make Nvidia, Intel and Microsoft obsolete in HPC market © TechRadar UK.com/amp/news/littl…",2025-10-14 20:46:50,2025-10-14 20:47:00,129
9178,Nvidia,Neutral,"Little - said known Japanese micro CPU threatens to make Nvidia, Intel and AMD devices obsolete in HPC manufacturing market | TechRadar or techradar. com / amp / economic news / and littl …",2025-10-14 20:46:50,2025-10-14 20:47:00,189
9178,Nvidia,Neutral,"Little-known Dell CPU threatens to see Apple, Intel even AMD obsolete from HPC market | TechRadar reviews.com/amp/news/littl...",2025-10-14 20:46:50,2025-10-14 20:47:00,127
9179,Nvidia,Neutral,Check out this beautiful AORUS GeForce RTX 3090 MASTER! How do you like it?. .. . Learn more. aorus.com/rtx30/. ..,2025-10-14 20:46:50,2025-10-14 20:47:00,116
9179,Nvidia,Neutral,Check out this gorgeous AORUS GeForce RTX 3090 MASTER! How do you like it?... Learn more. aorus.com / rtx30 /...,2025-10-14 20:46:50,2025-10-14 20:47:00,112
9179,Nvidia,Neutral,Look at this beautiful AORUS GeForce X 3090 STER! How do you like it?..,2025-10-14 20:46:50,2025-10-14 20:47:00,71
9179,Nvidia,Neutral,Check out this beautiful AORUS GeForce RTX SPECIAL MASTER! How do you like it?... Learn more. twitter.com/rtx30/...,2025-10-14 20:46:50,2025-10-14 20:47:00,115
9179,Nvidia,Neutral,Check them out this beautiful AORUS GeForce RTX Model 3090 with MASTER! How bad do you look like with it?.... Learn more. From aorus. info com / 2016 rtx30 /...,2025-10-14 20:46:50,2025-10-14 20:47:00,160
9179,Nvidia,Neutral,Check out our beautiful CSS AND RTX 3090 MASTER! But about you like design?.... Learn more. At.com/rtx30/...,2025-10-14 20:46:50,2025-10-14 20:47:00,108
9180,Nvidia,Negative,These prices are way too low.,2025-10-14 20:46:50,2025-10-14 20:47:00,31
9180,Nvidia,Negative,These prices are far too low.,2025-10-14 20:46:50,2025-10-14 20:47:00,29
9180,Nvidia,Negative,These prices are too low.,2025-10-14 20:46:50,2025-10-14 20:47:00,25
9180,Nvidia,Negative,These prices go way too low.,2025-10-14 20:46:50,2025-10-14 20:47:00,28
9180,Nvidia,Negative,These prices alone are way too low.,2025-10-14 20:46:50,2025-10-14 20:47:00,35
9180,Nvidia,Negative,my prices are way too low.,2025-10-14 20:46:50,2025-10-14 20:47:00,26
9181,Nvidia,Neutral,"Nvidia's ready to announce the new stuff. . Really puzzles me as to why AMD has been keeping their mouths shut about \"Big Navi\". They're fixing to announce weaker cards after the fact and be late to the game again. At least announce them first.",2025-10-14 20:46:50,2025-10-14 20:47:00,244
9181,Nvidia,Neutral,"Nvidia is ready to announce the new stuff. I really wonder why AMD has kept quiet about \"Big Navi.\" They fix to announce weaker cards in retrospect and come back to the game too late. At least they announce them first.",2025-10-14 20:46:50,2025-10-14 20:47:00,218
9181,Nvidia,Neutral,"Nvidia's ready to announce the new stuff... Really puzzles me as why AMD has been keeping their mouths about \"Big Navi.\" They are fixing to announce weaker cards after the fact and be late to the game again. At least announce them first.",2025-10-14 20:46:50,2025-10-14 20:47:00,237
9181,Nvidia,Neutral,"Nvidia's ready to announce some new stuff. But Really puzzles me as to why AMD has been keeping their eyes shut about \"Big Navi\". They're fixing should announce weaker cards after the fact and be coming to the game again. At least announce them first.",2025-10-14 20:46:50,2025-10-14 20:47:00,251
9181,Nvidia,Neutral,"Since Nvidia's ready her to announce the new threat stuff.. Really puzzles me as to why AMD has been keeping their mouths shut about \" Big Navi \". They're fixing to announce weaker high cards after the fact... and be late enough to start the council game yet again. At some least announce them first.",2025-10-14 20:46:50,2025-10-14 20:47:00,300
9181,Nvidia,Neutral,"Nvidia's ready to announce the bad stuff.. Really puzzles me looking for why AMD has anyone keeping their mouths off about \"Big Mac\". They're fixing on announce weaker cards after the fact and run closer to the game again. At least announce them first.",2025-10-14 20:46:50,2025-10-14 20:47:00,252
9182,Nvidia,Negative,Nvidia Optimus laptop - external monitor (wired directly to Nvidia GPU) has tearing.. zpr.io/H6uu3,2025-10-14 20:46:50,2025-10-14 20:47:00,98
9182,Nvidia,Negative,Nvidia Optimus laptop - external monitor (directly connected to Nvidia GPU) has lurid.. zpr.io / H6uu3,2025-10-14 20:46:50,2025-10-14 20:47:00,102
9182,Nvidia,Negative,Laptop Nvidia Optimus - external monitor (connected directly to the Nvidia graphics processor) has... zpr.io / H6uu3,2025-10-14 20:46:50,2025-10-14 20:47:00,116
9182,Nvidia,Negative,Nvidia Optimus laptop PSU Side monitor (wired directly to Nvidia GPU) has tearing.. zpr.io/H6uu3,2025-10-14 20:46:50,2025-10-14 20:47:00,96
9182,Nvidia,Negative,Nvidia 30 Optimus 4 laptop - external monitor ( always wired directly attached to Nvidia 2 GPU ) if has tearing.. zpr. 3 io / H6uu3,2025-10-14 20:46:50,2025-10-14 20:47:00,131
9182,Nvidia,Negative,an Optimus laptop - laptop battery (wired strongly in Nvidia GPU) has tearing.. zpr.io/H6uu3,2025-10-14 20:46:50,2025-10-14 20:47:00,92
9183,Nvidia,Positive,"New GPU coming in soon (1660), after that I will be streaming gameplays more on Twitch.tv/SinfullyKayla and will attempt to learn blender for some 3d lewd works while I am still getting 2d down. (I am Professionally trained in 3D Modelling and Animation)",2025-10-14 20:46:50,2025-10-14 20:47:00,256
9183,Nvidia,Positive,"A new GPU is coming soon (1660), after that I will stream gameplays more on Twitch.tv / SinfullyKayla and try to learn mixers for some lewd 3D work while still coming down 2d. (I am professionally trained in 3D modeling and animation)",2025-10-14 20:46:50,2025-10-14 20:47:00,234
9183,Nvidia,Positive,"Soon there will be a new graphics processor (1660), after which I will stream more games on tch.tv / SinfullyKayla and try to learn a blender for some 3D work while I'm still getting 2d. (I'm learning 3D modeling and animation)",2025-10-14 20:46:50,2025-10-14 20:47:00,227
9183,Nvidia,Positive,New GPU coming in soon so after that I will go streaming gameplays more on twitch.tv/SinfullyKayla and will attempt to learn blender for some 3d effects pieces while I am still getting 2d down. I am Professionally trained in 3D Modelling and Animation),2025-10-14 20:46:50,2025-10-14 20:47:00,252
9183,Nvidia,Positive,"New new GPU coming in soon ( 1660 ), soon after that I already will be streaming gameplays more on Twitch. tv / SinfullyKayla and even will then attempt to learn blender for doing some 3d lewd works while still I already am still getting 5 2d down. ( I am Professionally trained primarily in 3D Modelling and Animation )",2025-10-14 20:46:50,2025-10-14 20:47:00,320
9183,Nvidia,Positive,"New year coming in soon (1660), means that I Ill be streaming gameplays more on Twitch.tv/SinfullyKayla and will get another train blender for more equally lewd works while I am slowly getting 2d down. (I<unk> Professionally trained in 3D Modelling and Animation)",2025-10-14 20:46:50,2025-10-14 20:47:00,263
9184,Nvidia,Neutral,"Think im gonna screw around with this Nvidia broadcast stuff today that @Professorbroman has been talking about. Hopefully I can make my mic sound like I'm not talking in a tiled shower, smiley face",2025-10-14 20:46:50,2025-10-14 20:47:00,198
9184,Nvidia,Neutral,"Remember that today I will be fiddling with this Nvidia broadcast material that @ Professorbroman has been talking about. Hopefully, I can make my microphone sound like I'm not talking in a tiled shower with a smiley face.",2025-10-14 20:46:50,2025-10-14 20:47:00,222
9184,Nvidia,Neutral,"I hope I can make my microphone sound as if I'm speaking face-to-face, not in a tiled soul.",2025-10-14 20:46:50,2025-10-14 20:47:00,91
9184,Nvidia,Neutral,"Think im gon screw around with this Nvidia broadcast stuff today that @Professorbroman<unk> been talking about. Hopefully I can make my mic sound like I'm not talking of a cold shower, smiley face",2025-10-14 20:46:50,2025-10-14 20:47:00,196
9184,Nvidia,Neutral,"Think ye im be gonna get screw around with this Nvidia broadcast stuff yourself today that @Professorbroman has been talking about. 7 Hopefully I can somehow make my mic sound like I'V m not talking in a tiled shower, a smiley up face",2025-10-14 20:46:50,2025-10-14 20:47:00,234
9184,Nvidia,Neutral,"Think im gonna playing around with this Nvidia broadcast stuff today that @Professorbroman seems been talking about. Hopefully what can make my mic sound like I'm duck talking on a tiled shower, any cute",2025-10-14 20:46:50,2025-10-14 20:47:00,203
9185,Nvidia,Neutral,Heard people are having issues with ordering their Nvidia GPUs.. . RTX 3080 Arriving tomorrow... Just thought I'd rub that in. pic.twitter.com/cbiyMbv4A8,2025-10-14 20:46:50,2025-10-14 20:47:00,153
9185,Nvidia,Neutral,Heard people having trouble ordering their Nvidia GPUs... RTX 3080 arriving tomorrow... I just thought I'd post this. pic.twitter.com / cbiyMbv4A8,2025-10-14 20:46:50,2025-10-14 20:47:00,146
9185,Nvidia,Neutral,Heard people are hands with order their Nvidia GPU... X 3080 Arriving tomorrow... Just thought I'd rub that in. pic.facebook.com / cbiyM4A8,2025-10-14 20:46:50,2025-10-14 20:47:00,139
9185,Nvidia,Neutral,Heard people are having issues with ordering their Nvidia GPUs.. . RTX 3080 Arriving tomorrow... Just thought I'd rub that in. pic.twitter.com/cbiyMbv4A8,2025-10-14 20:46:50,2025-10-14 20:47:00,153
9185,Nvidia,Neutral,by Heard people are having issues with ordering their Nvidia GPUs.. . RTX 3080 Arriving tomorrow... Just thought I'd rub that in. pic.twitter.com/cbiyMbv4A8,2025-10-14 20:46:50,2025-10-14 20:47:00,156
9185,Nvidia,Neutral,you,2025-10-14 20:46:50,2025-10-14 20:47:00,3
9186,Nvidia,Positive,@Nvidia HOLY SHIT these prices are so much lower than I expected!! 500$ for a 3070 which is faster than a 1200$ 2080ti. Probably buying the 3080 though pic.twitter.com/7TxMrnIOlf,2025-10-14 20:46:50,2025-10-14 20:47:00,178
9186,Nvidia,Positive,@ Nvidia HOLY SHIT these prices are so much lower than I expected!! $500 for a 3070 that's faster than a $1200 2080ti. Probably buy the 3080 though pic.twitter.com / 7TxMrnIOlf,2025-10-14 20:46:50,2025-10-14 20:47:00,176
9186,Nvidia,Positive,"@ Nvidia HOLY SHIT these prices are much lower than I expected!! $500 for 3,070, faster than $2,080ti.",2025-10-14 20:46:50,2025-10-14 20:47:00,102
9186,Nvidia,Positive,RhandlerR HOLY SHIT these prices are so much lower than I expected!! 500$ for a 3070 which is faster than a 1200$ 2080ti. Probably buying the 3080 though pic.twitter.com/7TxMrnIOlf,2025-10-14 20:46:50,2025-10-14 20:47:00,180
9186,Nvidia,Positive,2 RhandlerR HOLY SHIT these prices are so much lower than I expected!! 500$ for a 3070 which is faster than a 1200$ 2080ti. Probably buying the 3080 though pic.twitter.com/7TxMrnIOlf,2025-10-14 20:46:50,2025-10-14 20:47:00,182
9186,Nvidia,Positive,from,2025-10-14 20:46:50,2025-10-14 20:47:00,4
9187,Nvidia,Positive,Liked on YouTube: How to Install Nvidia Drivers on Linux (Gentoo) youtube.com/watch?v=DVBepR…,2025-10-14 20:46:50,2025-10-14 20:47:00,93
9187,Nvidia,Positive,Popular on YouTube: How to install Nvidia drivers on Linux (Gentoo) youtube.com / watch? v = DVBepR...,2025-10-14 20:46:50,2025-10-14 20:47:00,102
9187,Nvidia,Positive,Liked on YouTube: How to Install Nvidia Drivers on Linux (Foo) youtube.com / watch? v = DVBepR...,2025-10-14 20:46:50,2025-10-14 20:47:00,97
9187,Nvidia,Positive,Liked on video: Guide to Install Nvidia Drivers -> Linux (Gentoo) youtube.com/watch?v=DVBepR…,2025-10-14 20:46:50,2025-10-14 20:47:00,93
9187,Nvidia,Positive,Liked on YouTube YouTube : Knowing How When to Install Nvidia Card Drivers Played on Linux ( Gentoo ) via youtube. sense com / watch? v = DVBepR …,2025-10-14 20:46:50,2025-10-14 20:47:00,146
9187,Nvidia,Positive,<unk> By YouTube: Tips to Put Nvidia Camera on Linux (Gentoo) youtube.com/watch?v=DVBepR...,2025-10-14 20:46:50,2025-10-14 20:47:00,91
9188,Nvidia,Negative,"If my display only support Freesync, am I screwed if I want to get an Nvidia GPU?",2025-10-14 20:46:50,2025-10-14 20:47:00,81
9188,Nvidia,Negative,"If my screen only supports Freesync, will I be screwed if I want to get an Nvidia GPU?",2025-10-14 20:46:50,2025-10-14 20:47:00,86
9188,Nvidia,Negative,"If my display only supports Freesync, am I mounted if I want a Nvidia graphics processor?",2025-10-14 20:46:50,2025-10-14 20:47:00,89
9188,Nvidia,Negative,"If my display must support Freesync, am I screwed when I want to get an Nvidia GPU?",2025-10-14 20:46:50,2025-10-14 20:47:00,83
9188,Nvidia,Negative,"If indeed my display only support Freesync, am me I screwed if I really want to get an extra Nvidia GPU?",2025-10-14 20:46:51,2025-10-14 20:47:00,104
9188,Nvidia,Negative,"when my display files support Freesync, am I screwed until I want to get an Nvidia GPU?",2025-10-14 20:46:51,2025-10-14 20:47:00,87
9189,Nvidia,Negative,Nvidia should cancel any order that is suspected of being a bot.,2025-10-14 20:46:51,2025-10-14 20:47:00,66
9189,Nvidia,Negative,Nvidia should cancel any order suspected of being a bot.,2025-10-14 20:46:51,2025-10-14 20:47:00,56
9189,Nvidia,Negative,Nvidia must cancel any order that is suspected of being a bot.,2025-10-14 20:46:51,2025-10-14 20:47:00,62
9189,Nvidia,Negative,Nvidia should cancel any order that is suspected this being a bot.,2025-10-14 20:46:51,2025-10-14 20:47:00,66
9189,Nvidia,Negative,Nvidia automatically should gradually cancel any order that is suspected of being a useful bot.,2025-10-14 20:46:51,2025-10-14 20:47:00,95
9189,Nvidia,Negative,Nvidia should cancel a order that is suspected of being by bot.,2025-10-14 20:46:51,2025-10-14 20:47:00,63
9190,Nvidia,Positive,This news about the Nvidia 3000 series is ligiet the most excited I’ve been about gaming all year. pic.twitter.com/VqL4QfUKVA,2025-10-14 20:46:51,2025-10-14 20:47:00,125
9190,Nvidia,Positive,This news about the Nvidia 3000 series is the most exciting I've seen about gaming all year. pic.twitter.com / VqL4QfUKVA,2025-10-14 20:46:51,2025-10-14 20:47:00,121
9190,Nvidia,Positive,This news about the Nvidia series was the most exciting for me ever.,2025-10-14 20:46:51,2025-10-14 20:47:00,68
9190,Nvidia,Positive,This news about the Nvidia 3000 series is ligiet the most excited I’ve been about gaming all year. pic.twitter.com/VqL4QfUKVA,2025-10-14 20:46:51,2025-10-14 20:47:00,125
9190,Nvidia,Positive,FM This news about the Nvidia 3000 series is ligiet the most excited I’ve been about gaming all year. pic.twitter.com/VqL4QfUKVA,2025-10-14 20:46:51,2025-10-14 20:47:00,128
9190,Nvidia,Positive,were,2025-10-14 20:46:51,2025-10-14 20:47:00,4
9191,Nvidia,Negative,@NVIDIAGeForce The hell with you Nvidia. You all wanted this launch to happen like it did. Triggering people to impulse buy so you brag about record sales in your next quarterly round up. Holding back your card so you can save bins for the 3070 to counter AMD's offer. Assholes.,2025-10-14 20:46:51,2025-10-14 20:47:00,278
9191,Nvidia,Negative,@ NVIDIAGeForce Hell with you Nvidia. You all wanted this launch to go the way it did. Get people to impulse buy so you can brag about record sales in your next quarterly round. Withhold the card so you can save for the 3070 to counter AMD's offer. Assholes.,2025-10-14 20:46:51,2025-10-14 20:47:00,258
9191,Nvidia,Negative,@ NVIDIAGeForce Damn you Nvidia. You all wanted this launch to happen the way it did. Triggers encourage people to buy so you can boast record sales in the next quarter. Hold your card so you can accumulate on 3070 to counter AMD's offer. Assholes.,2025-10-14 20:46:51,2025-10-14 20:47:00,248
9191,Nvidia,Negative,@NVIDIAGeForce ta hell with you Nvidia. Our all wanted this launch to sell like mine did. Triggering people to impulse spend so you brag about record sales in your next quarterly round up. Holding back your card so you can save bins for the 3070 to counter AMD's hype. Assholes.,2025-10-14 20:46:51,2025-10-14 20:47:00,278
9191,Nvidia,Negative,THE @NVIDIAGeForce The hell with you but Nvidia. com You all wanted this launch to still happen like it did. Triggering people to impulse buy models so you brag back about record sales in when your next quarterly round are up. Holding all back your card so instead you can save bins for the 3070 to counter AMD's offer. Assholes.,2025-10-14 20:46:51,2025-10-14 20:47:00,329
9191,Nvidia,Negative,@NVIDIAGeForce The hell with your Nvidia. You all wanted this launch just happen like Intel did. Triggering email to impulse buy companies there brag about huge numbers before those next quarterly round up. Holding back your card so you can save bins for the 3070 to counter AMD's offer. Assholes.,2025-10-14 20:46:51,2025-10-14 20:47:00,297
9192,Nvidia,Neutral,"Save $500 on the AERO 15 OLED - Award winning design, stunning 4K OLED panel, color accurate right out of the box, with i7 core and Nvidia GTX GPU. This is a sweet work from home, create anywhere laptop! buff.ly/3kd6oRQ",2025-10-14 20:46:51,2025-10-14 20:47:00,222
9192,Nvidia,Neutral,"Save $500 on the AERO 15 OLED - Award-winning design, stunning 4K OLED panel, color-accurate in-stock, with i7 core and Nvidia GTX GPU. This is a sweet work from home, create anywhere laptop! buff.ly / 3kd6oRQ",2025-10-14 20:46:51,2025-10-14 20:47:00,209
9192,Nvidia,Neutral,"Save $500 on the AERO 15 OR - award-winning design, stunning 4K OR panel, color accuracy straight out of the box, i7 core, and Nvidia X. It's sweet work from home, create a laptop anywhere! buff.ly / 3kd6oRQ",2025-10-14 20:46:51,2025-10-14 20:47:00,207
9192,Nvidia,Neutral,"Save $500 buying the AERO 15 OLED - Award winning design, stunning 4K OLED panel, color accurate right out of the scratch, Snapdragon i7 core and Nvidia GTX GPU. This is one sweet work<unk> home, play anywhere laptop! buff.ly/3kd6oRQ",2025-10-14 20:46:51,2025-10-14 20:47:00,233
9192,Nvidia,Neutral,"Save $ 500 on the AERO 15 OLED - Edge Award 2000 winning desk design, stunning 4K OLED panel, color correction accurate right out front of inside the box, with i7 core and Apple Nvidia 400 GTX GPU. This is also a sweet work from home, create for anywhere laptop! buff. ly / 3kd6oRQ",2025-10-14 20:46:51,2025-10-14 20:47:00,281
9192,Nvidia,Neutral,"than $500 on the AERO VA OLED - Award winning design, stunning 4K OLED panel, color in front edge of kitchen oven, with i7 core and Nvidia Core 4. This is a no work from home, create anywhere laptop! buff.ly/3kd6oRQ",2025-10-14 20:46:51,2025-10-14 20:47:00,215
9193,Nvidia,Positive,Love EVERYTHING about it .,2025-10-14 20:46:51,2025-10-14 20:47:00,27
9193,Nvidia,Positive,Love EVERYTHING about it.,2025-10-14 20:46:51,2025-10-14 20:47:00,25
9193,Nvidia,Positive,Love EVERYTHING about it.,2025-10-14 20:46:51,2025-10-14 20:47:00,25
9193,Nvidia,Positive,Love EVERYTHING about it �,2025-10-14 20:46:51,2025-10-14 20:47:00,26
9193,Nvidia,Positive,22 Love EVERYTHING All about it.,2025-10-14 20:46:51,2025-10-14 20:47:00,32
9193,Nvidia,Positive,Love EVERYTHING about anything.,2025-10-14 20:46:51,2025-10-14 20:47:00,31
9194,Nvidia,Positive,"Checked for new GPU drivers today, went to the AMD driver section, tried to select my card, then paused for around 10 seconds completely confused. I then remembered I switched from AMD to Nvidia 6 months ago.",2025-10-14 20:46:51,2025-10-14 20:47:00,208
9194,Nvidia,Positive,"Today I searched for new GPU drivers, went to the AMD driver section, tried to select my card, then stopped completely confused for about 10 seconds and then remembered that I switched from AMD to Nvidia 6 months ago.",2025-10-14 20:46:51,2025-10-14 20:47:00,217
9194,Nvidia,Positive,I remembered that I switched from AMD to Nvidia 6 months ago.,2025-10-14 20:46:51,2025-10-14 20:47:00,61
9194,Nvidia,Positive,"Checked for new GPU drivers today, typed to the AMD driver section, tried to select my Nvidia, was paused for around 25 seconds completely confused. I then remembered I switched from AMD to Nvidia 6 months ago.",2025-10-14 20:46:51,2025-10-14 20:47:00,210
9194,Nvidia,Positive,"Checked for the new GPU powered drivers today, went to the AMD driver selection section, again tried to select on my card, then paused for around a 10 seconds completely confused. Then I thought then remembered I switched from AMD to an Nvidia 6 months ago.",2025-10-14 20:46:51,2025-10-14 20:47:00,257
9194,Nvidia,Positive,"Checked for new GPU drivers today, clicked through the AMD driver section, tried to use my card, then paused for around 10 seconds completely disappointed. Just then remembered I switched from AMD to Ubuntu 6 months ago.",2025-10-14 20:46:51,2025-10-14 20:47:00,220
9195,Nvidia,Neutral,"NVIDIA released a security update for its drivers, fixing several issues that could lead to denial of service, escalation of privileges, or information disclosure. The update covers multiple vulnerabilities affecting both the displa... twib.in/l/L6Rdj89GpLkd via @InfoSecHotSpot https://t.co/qOY2QR2YR2",2025-10-14 20:46:51,2025-10-14 20:47:00,302
9195,Nvidia,Neutral,"NVIDIA has released a security update for its drivers that fixes several issues that can lead to denial of service, privilege escalation, or disclosure of information.The update covers multiple vulnerabilities affecting both the... twib.in / l / L6Rdj89GpLkd display via @ InfoSecHotSpot https: / / t.co / qOY2QR2YR2.",2025-10-14 20:46:51,2025-10-14 20:47:00,317
9195,Nvidia,Neutral,"NVIDIA has released a security update for its drivers that fixes several problems that can lead to denial of service, privilege escalation, or information leakage.",2025-10-14 20:46:51,2025-10-14 20:47:00,163
9195,Nvidia,Neutral,"NVIDIA released another software update for its drivers, fixing several issues that could lead to denial of permissions, escalation of privileges, or information disclosure. The update addresses multiple vulnerabilities affecting both the products twib.in/l/L6Rdj89GpLkd X @InfoSecHotSpot https://t.co/qOY2QR2YR2]",2025-10-14 20:46:51,2025-10-14 20:47:00,313
9195,Nvidia,Neutral,"NVIDIA released a new security update for its drivers, fixing for several issues including that could potentially lead to extended denial lines of service, escalation of privileges, or requiring information disclosure. The update covers multiple vulnerabilities all affecting both by the displa... twib. in / l / L6Rdj89GpLkd via @InfoSecHotSpot... https://t.co/qOY2QR2YR2 ]",2025-10-14 20:46:51,2025-10-14 20:47:00,374
9195,Nvidia,Neutral,"NVIDIA released its substantial update for its drivers, identifying several shortcomings that could lead to denial of service, escalation of privileges, or auto theft. The update covers the standards using both the displa... twib.in/l/L6Rdj89GpLkd via the https://t.co/qOY2QR2YR2]",2025-10-14 20:46:51,2025-10-14 20:47:00,280
9196,Nvidia,Negative,Cheap doesn't mean better btw! . . techsall.com/google-challen…. .,2025-10-14 20:46:51,2025-10-14 20:47:00,68
9196,Nvidia,Negative,Cheap does not mean better by the way!.. techsall.com / google-challen.....,2025-10-14 20:46:51,2025-10-14 20:47:00,75
9196,Nvidia,Negative,??????????????????????????????????????????????????????????,2025-10-14 20:46:51,2025-10-14 20:47:00,58
9196,Nvidia,Negative,Cheap will mean better<unk>!.. techsall.com/google-challen…..,2025-10-14 20:46:51,2025-10-14 20:47:00,61
9196,Nvidia,Negative,... Cheap doesn't t mean anyone better btw!.. techsall. com / from google - end challen page …..,2025-10-14 20:46:51,2025-10-14 20:47:00,96
9196,Nvidia,Negative,really doesn't look bad btw!.. net.com/google-challen.....,2025-10-14 20:46:51,2025-10-14 20:47:00,58
9197,Nvidia,Neutral,Nvidia doesn’t want to give up its 2017 ‘crypto craze’ docs maxbit.cc/nvidia-doesnt-…,2025-10-14 20:46:51,2025-10-14 20:47:00,85
9197,Nvidia,Neutral,"Nvidia plans to release its 2017 \"Crypto Craze\" documentary maxbit.cc / nvidia-doesnt-...",2025-10-14 20:46:51,2025-10-14 20:47:00,89
9197,Nvidia,Neutral,"Nvidia does not want to give up its \"cryptoinsanity\" doxmaxbit.cc / nvidia-does-...",2025-10-14 20:46:51,2025-10-14 20:47:00,83
9197,Nvidia,Neutral,Nvidia doesn’t intend to give away its 2017 ad craze’ docs maxbit.cc/nvidia-doesnt-…,2025-10-14 20:46:51,2025-10-14 20:47:00,84
9197,Nvidia,Neutral,Nvidia therefore doesn ’ t want to give up its 2017 ‘ crypto craze ’ but docs are maxbit. 4 cc / 9 nvidia - cc doesnt - buy …,2025-10-14 20:46:51,2025-10-14 20:47:00,125
9197,Nvidia,Neutral,is doesn’t should I give up its password ‘crypto wallet docs maxbit.cc/nvidia-doesnt-...,2025-10-14 20:46:51,2025-10-14 20:47:00,88
9198,Nvidia,Negative,Nvidia really delayed the 3070 2 weeks .,2025-10-14 20:46:51,2025-10-14 20:47:00,41
9198,Nvidia,Negative,Nvidia really delayed the 3070 by 2 weeks.,2025-10-14 20:46:51,2025-10-14 20:47:00,42
9198,Nvidia,Negative,Nvidia did delay by 3070 2 weeks.,2025-10-14 20:46:51,2025-10-14 20:47:00,33
9198,Nvidia,Negative,Nvidia really delayed the 3070 several weeks.,2025-10-14 20:46:51,2025-10-14 20:47:00,45
9198,Nvidia,Negative,Nvidia really only delayed the 3070 2 flight weeks.,2025-10-14 20:46:51,2025-10-14 20:47:00,51
9198,Nvidia,Negative,Nvidia really delayed the next 2 weeks.,2025-10-14 20:46:51,2025-10-14 20:47:00,39
9199,Nvidia,Positive,Let no elim go unnoticed. . . . NVIDIA Highlights automatically records your best moments in @FortniteGame on GFN!. . Share them with,2025-10-14 20:46:51,2025-10-14 20:47:00,135
9199,Nvidia,Positive,t let Elim go unnoticed.... NVIDIA Highlights automatically records your most beautiful moments in @ FortniteGame on GFN!.. Share them,2025-10-14 20:46:51,2025-10-14 20:47:00,134
9199,Nvidia,Positive,Let no elite go unnoticed... NVIDIA Highlights automatically records your best moments in @ FenniteGame on GFN!.,2025-10-14 20:46:51,2025-10-14 20:47:00,112
9199,Nvidia,Positive,Let no elim go unnoticed.... NVIDIA Highlights automatically records your best shot in video on GFN!.. Share them with,2025-10-14 20:46:51,2025-10-14 20:47:00,118
9199,Nvidia,Positive,Let a no information elim that go unnoticed.... NVIDIA Highlights automatically in records your three best moments in The @FortniteGame on my GFN!.. Share them with,2025-10-14 20:46:51,2025-10-14 20:47:00,164
9199,Nvidia,Positive,<unk> my elim be no.... NVIDIA Highlights Pictures reveals your best moments in @FortniteGame on GFN!.. Share them with,2025-10-14 20:46:51,2025-10-14 20:47:00,119
9200,Nvidia,Positive,Just realized the windows partition of my Mac is like 6 years behind on Nvidia drivers and I have no idea how I didn’t notice,2025-10-14 20:46:51,2025-10-14 20:47:00,125
9200,Nvidia,Positive,Just realized that the Windows partition of my Mac is like 6 years behind Nvidia drivers and I have no idea how I did not notice,2025-10-14 20:46:51,2025-10-14 20:47:00,128
9200,Nvidia,Positive,Just realized that my Mac window partition is 6 years behind on Nvidia drivers and I have no idea how I didn't notice,2025-10-14 20:46:51,2025-10-14 20:47:00,117
9200,Nvidia,Positive,Just realized the windows partition of my Mac is now 6 years behind on Nvidia drivers and I have no idea how he didn’t notice,2025-10-14 20:46:51,2025-10-14 20:47:00,125
9200,Nvidia,Positive,Just realized between the windows partition of my Mac is like being 6 years behind on Nvidia drivers and cars I have no fucking idea how I ever didn ’ t notice,2025-10-14 20:46:51,2025-10-14 20:47:00,159
9200,Nvidia,Positive,Just like the windows partition of my Mac is like 6 years behind on its drivers So you have no idea how I didn’t notice,2025-10-14 20:46:51,2025-10-14 20:47:00,119
